{"cameraMode":{"drawMode":0,"name":"Shaded","section":"Shading Mode"},"sceneLighting":false,"audioPlay":false,"sceneViewState":{"m_AlwaysRefresh":false,"showFog":true,"showSkybox":true,"showFlares":true,"showImageEffects":true,"showParticleSystems":true,"showVisualEffectGraphs":true,"m_FxEnabled":true},"in2DMode":false,"pivot":{"x":118.7955551147461,"y":-1.2079887390136719,"z":1.9117279052734376},"rotation":{"x":0.1399299055337906,"y":0.06257972866296768,"z":-0.010890807956457138,"w":0.9887104630470276},"size":32.14064407348633,"orthographic":true}